companyName,jobName,link,lt,lg,address
Arquati S.r.l.,TIROCINANTE WEB DESIGNER,https://it.indeed.com/pagead/clk?mo=r&ad=-6NYlbfkN0DPDBzCtkIoUaEoyBDaE4aZW0lVWcB4bTCblol0Ciyl5sv1VI4FK9D2WjPCZwiAxita8sb2P_wkT2q6yVX3Vn6xgPaSTfX3VULXjbzjkTOr_hshu9u17sMmX6HzMVfT0sTR9qHtdtkAZMEEbbp-2mYXZv2bqESltRtES0HbdYZ8E9mgcFOHoyV3b-TQOeQRWgGJaN10VCBiuvnn2FAaHhp8A2EoDuoUdvRvJtpU2ykLhDizpIRhUm1C1CZtcGN0pF8XKpWbo2VI9P1q5siVPS8wGViKvy-uaT8m_fGABVdevQOvtP3oVi71x7XyRG5QGjMRFo_xWPPrfHhqzYxyP2DcrvNI1DTLXTej1-tavHbt70z2OX8wl-Wm0KsV9IAKzPfKT31GBBVs8zwPhyuknrMslYfCmGwRa-t4Y9RujI2d5B727mErKaEA8KBSWLID71gXK4aGwoBSCv07CSjMq5Yi&p=0&fvj=1&vjs=3,45.450151,9.136211,"Via Lorenteggio ang, Via Francesco Primaticcio, 2, 20146 Milano MI, Italy"
Comcast Italia Srl,"Redattore web
nuova offerta",https://it.indeed.com/company/Comcast-Srl/jobs/Redattore-Web-40932910bb19e37d?fccid=e3c7dfc57371d96b&vjs=3,45.5309843,9.1679178,"Via Senigallia, 20161 Milano MI, Italy"
ITALIA MULTIMEDIA SRL,"Consulente Web Marketing
nuova offerta",https://it.indeed.com/pagead/clk?mo=r&ad=-6NYlbfkN0BSui6yq4AGQ1uCpNzjOxcYQ9HYLArbYxK4dyYPSsbm7nlJN9SmqGdxoLI-XxtR2ahkln4NuhE3Uz93PBeuF9N2ECOvzS-P29L3ntr79FuUlQuzuWxjOQs5sVRt75w9qmYf8nojdEtaBTd_2dDbTqQPdzGNlOtcr_Zbr9OzhfLQaz5_JtwigxrqJxG6tuEoWsZZSoDtsIIKguz0X5zM7DwSrqdwsFrTS0lkxGJmgqMduwRdxAf6prqMnFbVIAuERtVOlQtuwbl1gr0VUxb0SjbqId2-fQ869QX_oMoiJ-k1IAMDFIgnNo5KHBkD_RMpZ_II0OC1B3kBQydnZFiy_ueV_tUKpjrmAy1-Op-UQiUzdfbw4iCu2qkwT5j0I9VpKqeaa0Ib-E-0knQTS4eY6zL-jjeU4h6RlMB7PLjTQb6l9IEQw8gG8ugh2KDeg2oNKevFKYYUUOV9KQ==&p=2&fvj=1&vjs=3,45.4724977,9.2164039,"Viale Giustiniano, 5, 20129 Milano MI, Italy"
INNOVA MCA,Assistente amministrativo/a e commerciale,https://it.indeed.com/company/INNOVA-MCA/jobs/Assistente-Amministrativo-Commerciale-da277fe85d4938fe?fccid=ba462921c3bebd99&vjs=3,45.5047781,9.1353853,"Via Angelo Brunetti, 7, 20156 Milano MI, Italy"
La Compagnia Holding,Graduate and Grad students for a six-month internship in Inv...,https://it.indeed.com/rc/clk?jk=7c759860edecb220&fccid=448e850ceefc4ed9&vjs=3,45.4675919,9.1925523,"Piazza Belgioioso, 2, 20121 Milano MI, Italy"
Black Nachos srl,Web store manager piattaforma Shopify,https://it.indeed.com/company/Black-Nachos-srl/jobs/Web-Store-Manager-Piattaforma-Shopify-700ed70626029a33?fccid=e842234a74e09d5d&vjs=3,45.4928412,9.1647954,"Via Aosta, 23, 20155 Milano MI, Italy"
CONNEXIA Srl,"JUNIOR WEB DESIGNER
nuova offerta",https://it.indeed.com/rc/clk?jk=8ea3bfedd67b60ad&fccid=fe0b675637073dad&vjs=3,45.4643079,9.1631767,"Via Bartolomeo Panizza, 7, 20144 Milano MI, Italy"
TIEMPO NORD Srl a Socio Unico,"Customer Service SERALE e NOTTURNO
nuova offerta",https://it.indeed.com/company/TIEMPO-NORD-SPA/jobs/Customer-Service-Serale-Notturno-8c5a28ab743b2667?fccid=6456e9f8ff908160&vjs=3,45.4994492,9.1377962,"Via Giovanni da Udine, 34, 20156 Milano MI, Italy"
Le Fonti Srl,Media company cerca collaboratori per redazione a distanza,https://it.indeed.com/company/Le-Fonti-Srl/jobs/Media-Company-Collaboratori-Redazione-Distanza-9284c19f203bee78?fccid=2bb519438fe16290&vjs=3,45.4661777,9.1852702,"Via Dante, 4, 20121 Milano MI, Italy"
